mgx_id:CATLAS[0]pr,hr,pr_hshs,hr_hshs,pn_hshs,hn_hshs,cmt_pr_in_hr,cmt_hr_in_pr,pr_hr_sh_hshs,cmt_pn_in_hn,cmt_hn_in_pn,pn_hn_sh_hshs,cmt_pr_in_pn,cmt_pn_in_pr,pr_pn_sh_hshs,cmt_hr_in_hn,cmt_hn_in_hr,hr_hn_sh_hshs,cmt_pn_in_hr,cmt_hr_in_pn,pn_hr_sh_hshs,cmt_pr_in_hn,cmt_hn_in_pr,pr_hn_sh_hshs
uvig_409809,GCA_003436725,24444,2954097,10705,1513363,0.14085256095565374,0.0011654999818895588,3443,0.3128444652031761,0.00221295221305133,3349,0.3115693012600229,0.711443250817375,7616,0.29291895289829684,0.5717802007846101,865311,0.09453526389537599,0.0003425750745490077,7616,0.06975126820487645,0.001126629896462382,1705
